{
  "blogs": [
    {
      "id": "2",
      "title": "Learn C#",
      "body": "Sample blog 2",
      "dataCreated": "2019-05-04T15:00:00.000Z",
      "author": "Mike"
    },
    {
      "id": "4",
      "title": "Learn JavaScript",
      "author": "Mike again",
      "body": "Hello World!!!!"
    },
    {
      "title": "Fourth dimension and how to get there",
      "author": "David Frost",
      "body": "Lets go now!",
      "id": "obJ0qTv"
    },
    {
      "title": "New Title 13:52",
      "author": "Mike",
      "body": "Body 1",
      "id": "AAAAAAAAAAAlfJ8Yhckjckjsckjhdcxxxxxxxxx"
    },
    {
      "title": "New blog",
      "author": "Mike Baradaran",
      "body": "Body of work produced by Mike",
      "id": "5EvjP67"
    },
    {
      "title": "Friday lectures",
      "author": "Mike Baradaran",
      "body": "Friday lectures on React with revision",
      "id": "LPO5XP8"
    },
    {
      "title": "Yet another Blog!",
      "author": "Mike again",
      "body": "Let's take a break for 15 minutes. I am sure you need one and so do I.",
      "id": "45xFSOR"
    },
    {
      "title": "Responsive Web May",
      "author": "MikeB",
      "body": "I hope the course has been useful",
      "id": "VqvpCRY"
    },
    {
      "title": "React is great!!!",
      "author": "Mike Barad",
      "body": "React is easy and powerful and used by 60% of the dev community",
      "id": "rCjXlVU"
    }
  ]
}