[{
    "id": "5cc08495bf3fd62d03f2f4c1",
    "title": "Title 1",
    "body": "Sample blog 1",
    "dataCreated": "2019-05-04T15:00:00.000Z",
    "author": "Mike"
},
{
    "id": "5cc08495bf3fd62d03f2f4c2",
    "title": "Title 2",
    "body": "Sample blog 2",
    "dataCreated": "2019-05-04T15:30:00.000Z",
    "author": "Sean"
},
{
    "id": "5cc08495bf3fd62d03f2f4c3",
    "title": "Title 3",
    "body": "Sample blog 3",
    "dataCreated": "2019-05-04T15:45:00.000Z",
    "author": "Jonathan"
},
{
    "id": "5cc08495bf3fd62d03f2f4c4",
    "title": "Title 3",
    "body": "Sample blog 4",
    "dataCreated": "2019-05-04T16:00:00.000Z",
    "author": "Sasha"
}
]